Query   Doc_Pos PUrl    MUrl    TUrl    Title	TuringMMv2ImageDecoded
test query 1    0   https://example.com/1   https://example.com/p1  https://example.com/t1  Title 1 1.0 2.0 3.0 4.0
test query 1    1   https://example.com/2   https://example.com/p2  https://example.com/t2  Title 2 1.1 2.1 3.1 4.1
test query 1    2   https://example.com/3   https://example.com/p3  https://example.com/t3  Title 3 1.2 2.2 3.2 4.2
test query 1    3   https://example.com/4   https://example.com/p4  https://example.com/t4  Title 4 1.3 2.3 3.3 4.3
test query 1    4   https://example.com/5   https://example.com/p5  https://example.com/t5  Title 5 1.4 2.4 3.4 4.4
test query 1    5   https://example.com/11  https://example.com/p11 https://example.com/t11 Title 11 2.0 3.0 4.0 5.0
test query 1    6   https://example.com/12  https://example.com/p12 https://example.com/t12 Title 12 2.1 3.1 4.1 5.1
test query 1    7   https://example.com/13  https://example.com/p13 https://example.com/t13 Title 13 2.2 3.2 4.2 5.2
test query 1    8   https://example.com/14  https://example.com/p14 https://example.com/t14 Title 14 2.3 3.3 4.3 5.3
test query 1    9   https://example.com/15  https://example.com/p15 https://example.com/t15 Title 15 2.4 3.4 4.4 5.4
test query 2    0   https://example.com/6   https://example.com/p6  https://example.com/t6  Title 6 1.5 2.5 3.5 4.5
test query 2    1   https://example.com/7   https://example.com/p7  https://example.com/t7  Title 7 1.6 2.6 3.6 4.6
test query 2    2   https://example.com/8   https://example.com/p8  https://example.com/t8  Title 8 1.7 2.7 3.7 4.7
test query 2    3   https://example.com/9   https://example.com/p9  https://example.com/t9  Title 9 1.8 2.8 3.8 4.8
test query 2    4   https://example.com/10  https://example.com/p10 https://example.com/t10 Title 10 1.9 2.9 3.9 4.9